{
  "ABOUT": {
    "da": "Om",
    "en": "About",
    "es": "Acerca de",
    "fr": "À propos",
    "hu": "Névjegy",
    "it": "Crediti",
    "nl": "Over",
    "rk": "What Is It?",
    "ru": "O программе",
    "vi": "Giới thiệu",
    "zh-CHT": "關於"
  },
  "ABOUT_CONTRIBUTORS": {
    "da": "Bidragsydere til <a href='http://github.com/scout-app/scout-app' class='external-link'>Scout-App</a>:",
    "en": "Contributors to  <a href='http://github.com/scout-app/scout-app' class='external-link'>Scout-App</a>:",
    "es": "Los colaboradores para  <a href='http://github.com/scout-app/scout-app' class='external-link'>Scout-App</a>:",
    "fr": "Contributeurs de <a href='http://github.com/scout-app/scout-app' class='external-link'>Scout-App</a>:",
    "hu": "A <a href='http://github.com/scout-app/scout-app' class='external-link'>Scout-App</a> fejlesztésében közreműködtek:",
    "it": "Chi ha contribuito a <a href='http://github.com/scout-app/scout-app' class='external-link'>Scout-App</a>:",
    "nl": "Bijdragers van de <a href='http://github.com/scout-app/scout-app' class='external-link'>Scout-App</a>:",
    "rk": "The fellers who made this: <a href='http://github.com/scout-app/scout-app' class='external-link'>Scout-App</a>:",
    "ru": "о вкладчиков k <a href='http://github.com/scout-app/scout-app' class='external-link'>Cкаут-Aппa</a>:",
    "vi": "Người đóng góp cho <a href='http://github.com/scout-app/scout-app' class='external-link'>Scout-App</a>:",
    "zh-CHT": "<a href='http://github.com/scout-app/scout-app' class='external-link'>Scout-App</a> 開發協助者:"
  },
  "ABOUT_DEPENDENCIES": {
    "da": "<strong>Scout-App</strong> benytter <a class='external-link' href='https://github.com/sass/node-sass'>node-sass</a> <span class='nodeSassVersion'></span> og <a class='external-link' href='https://github.com/paulmillr/chokidar'>chokidar</a> <span class='chokidarVersion'></span>.",
    "en": "<strong>Scout-App</strong> uses <a class='external-link' href='https://github.com/sass/node-sass'>node-sass</a> <span class='nodeSassVersion'></span> and <a class='external-link' href='https://github.com/paulmillr/chokidar'>chokidar</a> <span class='chokidarVersion'></span>.",
    "es": "<strong>Scout-App</strong> usa <a class='external-link' href='https://github.com/sass/node-sass'>node-sass</a> <span class='nodeSassVersion'></span> y <a class='external-link' href='https://github.com/paulmillr/chokidar'>chokidar</a> <span class='chokidarVersion'></span>.",
    "fr": "<strong>Scout-App</strong> utilise <a class='external-link' href='https://github.com/sass/node-sass'>node-sass</a> <span class='nodeSassVersion'></span> et <a class='external-link' href='https://github.com/paulmillr/chokidar'>chokidar</a> <span class='chokidarVersion'></span>.",
    "hu": "A <strong>Scout-App</strong> <a class='external-link' href='https://github.com/sass/node-sass'>node-sass</a> <span class='nodeSassVersion'></span> és <a class='external-link' href='https://github.com/paulmillr/chokidar'>chokidar</a> <span class='chokidarVersion'></span> használatával működik.",
    "it": "<strong>Scout-App</strong> utilizza <a class='external-link' href='https://github.com/sass/node-sass'>node-sass</a> <span class='nodeSassVersion'></span> e <a class='external-link' href='https://github.com/paulmillr/chokidar'>chokidar</a> <span class='chokidarVersion'></span>.",
    "nl": "<strong>Scout-App</strong> gebruikt <a class='external-link' href='https://github.com/sass/node-sass'>node-sass</a> <span class='nodeSassVersion'></span> en <a class='external-link' href='https://github.com/paulmillr/chokidar'>chokidar</a> <span class='chokidarVersion'></span>",
    "rk": "<strong>Scout-App</strong> uses <a class='external-link' href='https://github.com/sass/node-sass'>node-sass</a> <span class='nodeSassVersion'></span> and <a class='external-link' href='https://github.com/paulmillr/chokidar'>chokidar</a> <span class='chokidarVersion'></span>.",
    "ru": "<strong>Cкаут-Aпп</strong> использует <a class='external-link' href='https://github.com/sass/node-sass'>node-sass</a> <span class='nodeSassVersion'></span> и <a class='external-link' href='https://github.com/paulmillr/chokidar'>chokidar</a> <span class='chokidarVersion'></span>.",
    "vi": "<strong>Scout-App</strong> sử dụng <a class='external-link' href='https://github.com/sass/node-sass'>node-sass</a> <span class='nodeSassVersion'></span> và <a class='external-link' href='https://github.com/paulmillr/chokidar'>chokidar</a> <span class='chokidarVersion'></span>.",
    "zh-CHT": "<strong>Scout-App</strong> 採用 <a class='external-link' href='https://github.com/sass/node-sass'>node-sass</a> <span class='nodeSassVersion'></span> 及 <a class='external-link' href='https://github.com/paulmillr/chokidar'>chokidar</a> <span class='chokidarVersion'></span>."
  },
  "ABOUT_DESCRIPTION": {
    "da": "<strong>Scout-App</strong> giver dig mulighed for at konvertere <code>.sass</code> og <code>.scss</code> filer til CSS uden kendskab til kommandolinjen.",
    "en": "<strong>Scout-App</strong> allows you to process your <code>.sass</code> and <code>.scss</code> files into CSS without needing any knowledge of the command line.",
    "es": "<strong>Scout-App</strong> le permite procesar sus ficheros <code>.sass</code> y <code>.scss</code>  en CSS sin necesitar ningún conocimiento de la linea de comandos.",
    "fr": "<strong>Scout-App</strong> vous permet de traiter vos fichiers <code>.sass</code> et <code>.scss</code> en CSS sans avoir besoin de connaissances sur la ligne de commande.",
    "hu": "A <strong>Scout-App</strong> segít feldolgozni a <code>.sass</code> és <code>.scss</code> fájlokat, hogy parancssor ismerete nélkül is CSS stílusfájlt generálhassunk.",
    "it": "<strong>Scout-App</strong> ti permette di compilare il tuoi file <code>.sass</code> e <code>.scss</code> in CSS senza conoscere e utilizzare la linea di comando.",
    "nl": "<strong>Scout-App</strong> laat je <code>.sass</code> en <code>.scss</code> bestanden verwerken zonder enige kennis van de command line.",
    "rk": "This here <strong>Scout-App</strong> lets you turn your <code>.sass</code> and <code>.scss</code> files into .css files without needed no schoolin' in code or command-line nonesense.",
    "ru": "<strong>Cкаут-Aппa</strong> позволяет обрабатывать <code>.sass</code> и <code>.scss</code> файлы в CSS без использования командной строки",
    "vi": "<strong>Scout-App</strong> cho phép bạn xử lý các tệp <code>.sass</code> và <code>.scss</code> thành CSS mà không cần kiến thức về dòng lệnh.",
    "zh-CHT": "無須任何命令列指令, <strong>Scout-App</strong> 幫你自動轉換 <code>.sass</code> 和 <code>.scss</code> 代碼至 CSS"
  },
  "ABOUT_SCOUTAPP": {
    "da": "Om Scout-App",
    "en": "About Scout-App",
    "es": "Acerca de Scout-App",
    "fr": "Apropos de Scout-App",
    "hu": "Scout-App névjegye",
    "it": "Informazioni su Scout-App",
    "nl": "Over Scout-App",
    "rk": "About Scout-App",
    "ru": "O Cкаут-Aппa",
    "vi": "Về Scout-App",
    "zh-CHT": "關於 Scout-App"
  },
  "ABOUT_VISIT_UPDATE": {
    "da": "Besøg Scout-App websitet for at tjekke for opdateringer:",
    "en": "Visit the Scout-App website to check for updates:",
    "es": "Visitar el sitio web de Scout-App para comprobar las actualizaciones:",
    "fr": "Visitez le site Web de Scout-App pour vérifier les mises à jour:",
    "hu": "Az aktuális frissítésekért látogasson el a Scout-App honlapjára:",
    "it": "Visita il sito di Scout-App per verificare gli aggiornamenti:",
    "nl": "Bezoek de Scout-App website voor updates",
    "rk": "Look here for updates:",
    "ru": "Посетите сайт Cкаут-Aппa, чтобы проверить для обновления:",
    "vi": "Truy cập vào trang web của Scout-App để kiểm tra các bản cập nhật:",
    "zh-CHT": "到 Scout-App 網站看看有沒有更新:"
  },
  "ADD_A_PROJECT": {
    "da": "Tilføj et Projekt",
    "en": "Add a Project",
    "es": "Añadir un Proyecto",
    "fr": "Ajouter un projet",
    "hu": "Projekt hozzáadása",
    "it": "Aggiungere un Progetto",
    "nl": "Voeg een Project",
    "rk": "Let's Make A Project!",
    "ru": "Добавить проект",
    "vi": "Thêm một dự án",
    "zh-CHT": "新增專案"
  },
  "ADD_GROUP_OF_PROJECTS": {
    "da": "Tilføj Gruppe af projekter",
    "en": "Add Group of Projects",
    "es": "Añadir un grupo de Proyectos",
    "fr": "Ajouter un groupe de projets",
    "hu": "Projektcsoport hozzáadása",
    "it": "Aggiungere Gruppo di Progetti",
    "nl": "Groep toevoegen van projecten",
    "rk": "Truckload of Projects",
    "ru": "Добавить группы проектов",
    "vi": "Thêm nhóm các dự án",
    "zh-CHT": "新增多個專案"
  },
  "ADD_PROJECT": {
    "da": "Tilføj projekt",
    "en": "Add Project",
    "es": "Añadir Proyecto",
    "fr": "Ajouter un projet",
    "hu": "Projekt hozzáadása",
    "it": "Aggiungi progetto",
    "nl": "Project Toevoegen",
    "rk": "Let's Make A Project!",
    "ru": "добав проект",
    "vi": "Thêm dự án",
    "zh-CHT": "新增專案"
  },
  "ALERT_TITLE": {
    "da": "<strong>{{time}}</strong> Fejl (0x0{{code}}) - Linje: <strong>{{bugLine}}</strong> Kolonne: <strong>{{col}}</strong>",
    "en": "<strong>{{time}}</strong> Error (0x0{{code}}) - Line: <strong>{{bugLine}}</strong> Col: <strong>{{col}}</strong>",
    "es": "<strong>{{time}}</strong> Error (0x0{{code}}) - Line: <strong>{{bugLine}}</strong> Col: <strong>{{col}}</strong>",
    "fr": "<strong>{{time}}</strong> Erreur (0x0{{code}}) - Ligne: <strong>{{bugLine}}</ strong> Colonne: <strong>{{col}}</ strong >",
    "hu": "<strong>{{time}}</strong> Hiba (0x0{{code}}) - Sor: <strong>{{bugLine}}</strong>, oszlop: <strong>{{col}}</strong>",
    "it": "<strong>{{time}}</strong> Errore (0x0{{code}}) - Linea: <strong>{{bugLine}}</strong> Col: <strong>{{col}}</strong>",
    "nl": "<strong>{{time}}</strong> Fout (0x0{{code}}) - Lijn: <strong>{{bugLine}}</strong> Kol: <strong>{{col}}</strong>",
    "rk": "<strong>{{time}}</strong> Oh Shit! Error (0x0{{code}}) - Line: <strong>{{bugLine}}</strong> Col: <strong>{{col}}</strong>",
    "ru": "<Strong>{{time}}</strong> Ошибка (0x0 {{code}}) - линии: <strong>{{bugLine}}</strong> Кол: <strong>{{col}}</strong>",
    "vi": "<strong>{{time}}</strong> Lỗi (0x0{{code}}) - Dòng: <strong>{{bugLine}}</strong> Cột: <strong>{{col}}</strong>",
    "zh-CHT": "<strong>{{time}}</strong> 錯誤 (0x0{{code}}) - 第 <strong>{{bugLine}}</strong> 行, 字元數: <strong>{{col}}</strong>"
  },
  "APPLICATION_TITLE": {
    "da": "Scout-App: Sass GUI'et",
    "en": "Scout-App: The Sass GUI",
    "es": "Scout-App: La interfaz gráfica de usuario Sass",
    "fr": "Scout-App: L'interface graphique Sass",
    "hu": "Scout-App: Sass Grafikus interfész",
    "it": "Scout-App: L'interfaccia grafica per Sass",
    "nl": "Scout-App: De Sass grafische gebruikers interface",
    "rk": "Scout-App: The Sass GUI that'll butter your biscuits!",
    "ru": "Cкаут-Aпп: GUI для Sass",
    "vi": "Scout-App: Ứng dụng biên dịch Sass",
    "zh-CHT": "Scout-App: The Sass GUI"
  },
  "BROWSE": {
    "da": "Gennemse",
    "en": "Browse",
    "es": "Visualizar",
    "fr": "Feuilleter",
    "hu": "Tallózás",
    "it": "Naviga",
    "nl": "Browse",
    "rk": "Look Around",
    "ru": "просматривать",
    "vi": "Duyệt",
    "zh-CHT": "查看檔案/資料夾"
  },
  "CANCEL": {
    "da": "Annuller",
    "en": "Cancel",
    "es": "Cancelar",
    "fr": "Annuler",
    "hu": "Mégse",
    "it": "Annulla",
    "nl": "Annuleer",
    "rk": "Nevermind",
    "ru": "Отмен",
    "vi": "Bỏ qua",
    "zh-CHT": "取消"
  },
  "CAT_SCREAMING_NO": {
    "da": "Katten skriger 'NEEEJ!'",
    "en": "Cat screaming 'NO!'",
    "es": "Grito al gato ¡NO!",
    "fr": "Chat hurlant 'NON!'",
    "hu": "Miaúúú 'NEEE!'",
    "it": "Il gatto dice di NO!",
    "nl": "Kat schreeuwt 'NEEEEE!'",
    "rk": "Hold your horses!",
    "ru": "Кот, который кричит 'НЕТ'",
    "vi": "Mèo hét lên 'KHÔNG!'",
    "zh-CHT": "貓大叫 `不!'"
  },
  "CHECK_FOR_UPDATES": {
    "da": "Tjek for opdateringer",
    "en": "Check for updates",
    "es": "Comprobar si hay actualizaciones",
    "fr": "Vérifier les mises à jour",
    "hu": "Frissítések keresése",
    "it": "Controlla aggiornamenti",
    "nl": "Check voor updates",
    "rk": "Anything new?",
    "ru": "провер для обновления",
    "vi": "Kiểm tra cập nhật",
    "zh-CHT": "檢查更新"
  },
  "CONFIRM_DELETE": {
    "da": "Er du sikker?",
    "en": "Are you sure?",
    "es": "¿Está seguro?",
    "fr": "Êtes-vous sûr?",
    "hu": "Biztosan eltávolítja?",
    "it": "Sei sicuro?",
    "nl": "Ben je zeker?",
    "rk": "You sure boy?",
    "ru": "Вы уверены, что хотите удалить этот проект",
    "vi": "Bạn chắc chứ?",
    "zh-CHT": "你確定嗎?"
  },
  "DELETE": {
    "da": "Fjern",
    "en": "Remove",
    "es": "Borrar",
    "fr": "Retirer",
    "hu": "Eltávolítás",
    "it": "Rimuovi",
    "nl": "Verwijder",
    "rk": "Shoot It",
    "ru": "Удалить",
    "vi": "Xóa",
    "zh-CHT": "移除"
  },
  "DELETE_PROJECT": {
    "da": "Fjern projekt",
    "en": "Remove Project",
    "es": "Borrar Proyecto",
    "fr": "Retirer le Project",
    "hu": "Projekt eltávolítása",
    "it": "Rimuovi progetto",
    "nl": "Verwijder Project",
    "rk": "Shoot It Dead",
    "ru": "Удалить проект",
    "vi": "Xóa dự án",
    "zh-CHT": "移除專案"
  },
  "DEV_TOOLS": {
    "da": "Udvikler værktøjer",
    "en": "Dev Tools",
    "es": "Herramientas de Desarrollo",
    "fr": "Outils de Développement",
    "hu": "Fejlesztői eszközök",
    "it": "Strumenti di sviluppo",
    "nl": "Ontwikkelaarstools",
    "rk": "TOOLS!",
    "ru": "Инструменты разработки",
    "vi": "Công cụ phát triển",
    "zh-CHT": "開發工具"
  },
  "DEVELOPMENT": {
    "da": "Udvikling",
    "en": "Development",
    "es": "Desarrollo",
    "fr": "Développement",
    "hu": "Fejlesztői",
    "it": "Sviluppo",
    "nl": "Ontwikkeling",
    "rk": "We're Live!",
    "ru": "разработка",
    "vi": "Phát triển",
    "zh-CHT": "開發中"
  },
  "ENVIRONMENT": {
    "da": "Miljø",
    "en": "Environment",
    "es": "Entorno",
    "fr": "Environnement",
    "hu": "Környezet",
    "it": "Tipo di ambiente",
    "nl": "Milieu",
    "rk": "Trailer Park",
    "ru": "окружение",
    "vi": "Môi trường",
    "zh-CHT": "專案環境"
  },
  "EXIT": {
    "da": "Luk",
    "en": "Exit",
    "es": "Salir",
    "fr": "Quitter",
    "hu": "Kilépés",
    "it": "Esci",
    "nl": "Stop",
    "rk": "Goodbye",
    "ru": "Выход",
    "vi": "Thoát",
    "zh-CHT": "關閉"
  },
  "FILE": {
    "da": "Filer",
    "en": "File",
    "es": "Fichero",
    "fr": "Fichier",
    "hu": "Fájl",
    "it": "File",
    "nl": "Archief",
    "rk": "File",
    "ru": "файл",
    "vi": "Tệp",
    "zh-CHT": "檔案"
  },
  "FOUND_SOME_PROJECTS": {
    "da": "placeret {{0}} projekter",
    "en": "found {{0}} projects",
    "es": "encontrados {{0}} proyectos",
    "fr": "a trouvé {{0}} projets",
    "hu": "{{0}} projekt található",
    "it": "trovati {{0}} progetti",
    "nl": "gelegen {{0}} projecten",
    "rk": "Seen't {{0}} projects",
    "ru": "найдено {{0}} проектов",
    "vi": "phát hiện {{0}} dự án",
    "zh-CHT": "找到 {{0}} 個專案"
  },
  "FTUX_DRAG_DROP": {
    "da": "<h3>Træk og slip</ h3> <h4>overalt at importere projekter</h4>",
    "en": "<h3>Drag and Drop</h3> <h4>anywhere to import projects</h4>",
    "es": "<h3>Arrastrar y soltar</h3> <h4>en cualquier lugar para importar proyectos</h4>",
    "fr": "<h3>Glisser-déposer</h3> <h4>n'importe où pour importer des projets</h4>",
    "hu": "<h3>Fogd és vidd</h3> <h4>bárhonnan importálhatók projektek</h4>",
    "it": "<h3>Trascinare e Rilasciare</ h3> <h4>ovunque per importare progetti</h4>",
    "nl": "<h3>Slepen en neerzetten</h3> <h4>overal aan projecten importeren</h4>",
    "rk": "<h3>Toss it here</h3> <h4>any ol' project</h4>",
    "ru": "<h3>Перетаскaeти</h3> <h4>в любом месте итмпортировать проекты</ h4>",
    "vi": "<h3>Kéo và Thả</h3> <h4>để thêm dự án từ bất kỳ đâu</h4>",
    "zh-CHT": "<h3>拖放</h3> <h4>到任何位置來匯入專案</h4>"
  },
  "HIDE": {
    "da": "Skjule",
    "en": "Hide",
    "es": "Esconder",
    "fr": "Cacher",
    "hu": "Elrejt",
    "it": "Nascondere",
    "nl": "Verbergen",
    "rk": "Get down!",
    "ru": "Спрятать",
    "vi": "Ẩn giấu",
    "zh-CHT": "隱藏"
  },
  "IMPORT_ADD_GROUP": {
    "da": "Tilføj Gruppe af projekter",
    "en": "Add Group of projects",
    "es": "Añadir un grupo de proyectos",
    "fr": "Ajouter un Groupe de projets",
    "hu": "Projektcsoport hozzáadása",
    "it": "Aggiungere gruppo di progetti",
    "nl": "Add Group or projects",
    "rk": "Bucket o' projects",
    "ru": "Добавить группу проектов",
    "vi": "Thêm nhóm các dự án",
    "zh-CHT": "加入多個專案"
  },
  "IMPORT_ADD_PROJECT": {
    "da": "Tilføj et andet projekt",
    "en": "Add another project",
    "es": "Añadir otro proyecto",
    "fr": "Ajouter un autre projet",
    "hu": "Újabb projekt hozzáadása",
    "it": "Aggiungere un altro progetto",
    "nl": "Add another project",
    "rk": "One more will do",
    "ru": "Добавить еще один проект",
    "vi": "Thêm dự án khác",
    "zh-CHT": "加入其他專案"
  },
  "IMPORT_DRAG_DROP": {
    "da": "Træk og slip",
    "en": "Drag & Drop",
    "es": "Arrastrar y Soltar",
    "fr": "Glisser déposer",
    "hu": "Fogd és vidd",
    "it": "Trascinare e Rilasciare",
    "nl": "Slepen, laten vallen",
    "rk": "Toss it on the pile",
    "ru": "Перетаскивание",
    "vi": "Kéo & Thả",
    "zh-CHT": "拖放"
  },
  "IMPORT_HEADER": {
    "da": "{{0}} Udvalgte Projekter",
    "en": "{{0}} Selected Projects",
    "es": "{{0}} Proyectos seleccionados",
    "fr": "{{0}} Projets Sélectionnés",
    "hu": "{{0}} kiválasztott projekt",
    "it": "{{0}} progetti selezionati",
    "nl": "{{0}} Geselecteerde Projecten",
    "rk": "Pickin' bout {{0}} projects",
    "ru": "{{0}} Отдельные проекты",
    "vi": "{{0}} dự án được chọn",
    "zh-CHT": "{{0}} 個選取專案"
  },
  "IMPORT_INPUT": {
    "da": "Input (Sass)",
    "en": "Input (Sass)",
    "es": "Entrada (Sass)",
    "fr": "Entrée (Sass)",
    "hu": "Bemenet (Sass)",
    "it": "Ingresso (Sass)",
    "nl": "Invoer (Sass)",
    "rk": "Input (Sass)",
    "ru": "Вход (Sass)",
    "vi": "Đầu vào (Sass)",
    "zh-CHT": "輸入 (Sass)"
  },
  "IMPORT_OUTPUT": {
    "da": "Output (CSS)",
    "en": "Output (CSS)",
    "es": "Salida (CSS)",
    "fr": "Sortie (CSS)",
    "hu": "Kimenet (CSS)",
    "it": "Uscita (CSS)",
    "nl": "Uitgang (CSS)",
    "rk": "Output (CSS)",
    "ru": "Вывод (CSS)",
    "vi": "Đầu ra (CSS)",
    "zh-CHT": "輸出 (CSS)"
  },
  "IMPORT_PROJECT_NAME": {
    "da": "Projekt Navn",
    "en": "Project Name",
    "es": "Nombre del proyecto",
    "fr": "Nom du Projet",
    "hu": "Projekt neve",
    "it": "Nome del Progetto",
    "nl": "Naam van het project",
    "rk": "Project Name",
    "ru": "название проекта",
    "vi": "Tên dự án",
    "zh-CHT": "專案名稱"
  },
  "IMPORT_PROJECTS": {
    "da": "Indlæs projekter",
    "en": "Import Projects",
    "es": "Importar Proyectos",
    "fr": "Importer des Projets",
    "hu": "Projekt importálása",
    "it": "Importa progetti",
    "nl": "Importeer Projecten",
    "rk": "Bring Your Own Projects",
    "ru": "импортировать проекты",
    "vi": "Nhập khẩu dự án",
    "zh-CHT": "匯入專案"
  },
  "INPUT_FOLDER": {
    "da": "Input mappe:",
    "en": "Input Folder:",
    "es": "Carpeta de Entrada:",
    "fr": "Dossier d'entrée:",
    "hu": "Bemeneti mappa:",
    "it": "Cartella di origine:",
    "nl": "Invoermap",
    "rk": "Input Folder:",
    "ru": "папка ввода",
    "vi": "Đầu vào (Sass):",
    "zh-CHT": "輸入資料夾:"
  },
  "LANG_DA": {
    "da": "Dansk",
    "en": "Danish (Dansk)",
    "es": "Danés (Dansk)",
    "fr": "Danois (Dansk)",
    "hu": "Dán (Dansk)",
    "it": "Danese (Dansk)",
    "nl": "Deens (Dansk)",
    "rk": "Danish (Dansk) - good desserts",
    "ru": "Датский (Dansk)",
    "vi": "Tiếng Đan Mạch (Dansk)",
    "zh-CHT": "丹麥語 (Dansk)"
  },
  "LANG_DE": {
    "da": "Tysk (Deutsch)",
    "en": "German (Deutsch)",
    "es": "Alemán (Deutsch)",
    "fr": "Allemand (Deutsch)",
    "hu": "Német (Deutsch)",
    "it": "Tedesco (Deutsch)",
    "nl": "Duits (Deutsch)",
    "rk": "German (Deutsch) - Hamburger Land!",
    "ru": "Немецкий (Deutsch)",
    "vi": "Tiếng Đức (Deutsch)",
    "zh-CHT": "德語 (Deutsch)"
  },
  "LANG_EN": {
    "da": "Engelsk (English)",
    "en": "English",
    "es": "Inglés (English)",
    "fr": "Anglais (English)",
    "hu": "Angol (English)",
    "it": "Inglese (English)",
    "nl": "Engels (English)",
    "rk": "English",
    "ru": "Aнглийский (English)",
    "vi": "Tiếng Anh (English)",
    "zh-CHT": "英文 (English)"
  },
  "LANG_ES": {
    "da": "Spansk (Español)",
    "en": "Spanish (Español)",
    "es": "Español",
    "fr": "Espagnol (Español)",
    "hu": "Spanyol (Español)",
    "it": "Spagnolo (Español)",
    "nl": "Spaans (Español)",
    "rk": "Spanish (Español) - Drywall buddies",
    "ru": "Испанский (Español)",
    "vi": "Tiếng Tây Ban Nha (Español)",
    "zh-CHT": "西班牙語 (Español)"
  },
  "LANG_FA": {
    "da": "(فارسی) Persisk",
    "en": "(فارسی) Persian",
    "es": "(فارسی) Persa",
    "fr": "(فارسی) Persan",
    "hu": "(فارسی) Fárszi",
    "it": "(فارسی) Persiano",
    "nl": "(فارسی) Perzisch",
    "rk": "Persian (فارسی) - My ex's cat was Persian",
    "ru": "(فارسی) Персидский",
    "vi": "(فارسی) Tiếng Ba Tư",
    "zh-CHT": "(فارسی) 波斯語"
  },
  "LANG_FR": {
    "da": "Fransk (Français)",
    "en": "French (Français)",
    "es": "Francés (Français)",
    "fr": "Français",
    "hu": "Francia (Français)",
    "it": "Francese (Français)",
    "nl": "Frans (Français)",
    "rk": "French (Français) - pansies",
    "ru": "Французский (Français)",
    "vi": "Tiếng Pháp (Français)",
    "zh-CHT": "法語 (Français)"
  },
  "LANG_HE": {
    "da": "(עִברִית) Hebrew",
    "en": "(עִברִית) Hebrew",
    "es": "(עִברִית) Hebreo",
    "fr": "(עִברִית) Hébreu",
    "hu": "(עִברִית) Héber",
    "it": "(עִברִית) Ebraico",
    "nl": "(עִברִית) Hebreeuws",
    "rk": "Hebrew (עִברִית) - funny little hats",
    "ru": "(עִברִית) Иврит",
    "vi": "(עִברִית) Hebrew",
    "zh-CHT": "(עִברִית) 希伯來語"
  },
  "LANG_HU": {
    "da": "Ungarsk (Magyar)",
    "en": "Hungarian (Magyar)",
    "es": "Húngaro (Magyar)",
    "fr": "Hongrois (Magyar)",
    "hu": "Magyar",
    "it": "Ungherese (Magyar)",
    "nl": "Hongaars (Magyar)",
    "rk": "Hungarian (Magyar) - Hungry",
    "ru": "Венгерский (Magyar)",
    "vi": "Tiếng Hungary (Magyar)",
    "zh-CHT": "匈牙利語 (Magyar)"
  },
  "LANG_IT": {
    "da": "Italiensk (Italiano)",
    "en": "Italian (Italiano)",
    "es": "Italiano (Italiano)",
    "fr": "Italien (Italiano)",
    "hu": "Olasz (Italiano)",
    "it": "Italiano",
    "nl": "Italiaans (Italiano)",
    "rk": "Italian (Italiano) - Pizza Land!",
    "ru": "Итальянский (Italiano)",
    "vi": "Tiếng Ý (Italiano)",
    "zh-CHT": "義大利語 (Italiano)"
  },
  "LANG_NL": {
    "da": "Hollandsk (Nederlands)",
    "en": "Dutch (Nederlands)",
    "es": "Holandés (Nederlands)",
    "fr": "Néerlandaise (Nederlands)",
    "hu": "Holland (Nederlands)",
    "it": "Olandese (Nederlands)",
    "nl": "Nederlands",
    "rk": "Dutch (Nederlands) - what?",
    "ru": "Голландский (Nederlands)",
    "vi": "Tiếng Hà Lan (Nederlands)",
    "zh-CHT": "荷蘭語 (Nederlands)"
  },
  "LANG_RK": {
    "da": "Amerikansk Bondeknold (Redneck)",
    "en": "Redneck (Real America)",
    "es": "Campesino Sureño (Real America)",
    "fr": "Rustre Américain (Redneck)",
    "hu": "Paraszt Amcsi (Redneck)",
    "it": "Americano Campagnolo (Redneck)",
    "nl": "Amerikaanse Boerenpummel (Redneck)",
    "rk": "Real America",
    "ru": "деревенский Американский (Redneck)",
    "vi": "Tiếng Mỹ đời thường (Redneck)",
    "zh-CHT": "美國粗話 (Redneck)"
  },
  "LANG_RU": {
    "da": "Russisk (русский)",
    "en": "Russian (русский)",
    "es": "Ruso (русский)",
    "fr": "Russe (русский)",
    "hu": "Orosz (русский)",
    "it": "Russo (русский)",
    "nl": "Russisch (русский)",
    "rk": "Russian (русский) - hot wives",
    "ru": "Русский",
    "vi": "Tiếng Nga (русский)",
    "zh-CHT": "俄語 (русский)"
  },
  "LANG_VI": {
    "da": "Vietnamesisk (Tiếng Việt)",
    "en": "Vietnamese (Tiếng Việt)",
    "es": "Vietnamita (Tiếng Việt)",
    "fr": "Vietnamien (Tiếng Việt)",
    "hu": "Vietnami (Tiếng Việt)",
    "it": "Vietnamita (Tiếng Việt)",
    "nl": "Vietnamees (Tiếng Việt)",
    "rk": "Nam (Tiếng Việt) - Charlie",
    "ru": "Вьетнамский (Tiếng Việt)",
    "vi": "Tiếng Việt",
    "zh-CHT": "越南語 (Tiếng Việt)"
  },
  "LANG_ZH-CHT": {
    "da": "Traditionelt Kinesisk (中文)",
    "en": "Chinese Traditional (中文)",
    "es": "Chino Tradicional (中文)",
    "fr": "Chinois Traditionnel (中文)",
    "hu": "Hagyományos kínai (中文)",
    "it": "Tradizionale Cinese (中文)",
    "nl": "Traditioneel Chinees (中文)",
    "rk": "Chinese Traditional (中文) - the best knockoffs",
    "ru": "Китайский традиционный (中文)",
    "vi": "Tiếng Trung Quốc truyền thống (中文)",
    "zh-CHT": "繁體中文 (Traditional Chinese)"
  },
  "LANGUAGE_CHOICE": {
    "da": "Sprog:",
    "en": "Language:",
    "es": "Idioma:",
    "fr": "Langue:",
    "hu": "Nyelv:",
    "it": "Lingua:",
    "nl": "Taal:",
    "rk": "Language:",
    "ru": "Выбор языков",
    "vi": "Ngôn ngữ:",
    "zh-CHT": "選擇語言:"
  },
  "LATEST_VERSION": {
    "da": "Du har den seneste version af Scout-App",
    "en": "You have the latest version of Scout-App.",
    "es": "Tiene la última versión de Scout-App.",
    "fr": "Vous avez la dernière version de Scout-App.",
    "hu": "A Scout-App legújabb verziója.",
    "it": "Stai usando l'ultima versione di Scout-App.",
    "nl": "Je hebt de nieuwste versie van de Scout-App",
    "rk": "Relax man, you have the latest version.",
    "ru": "У вас есть последняя версия Cкаут-Aппa",
    "vi": "Bạn đang sử dụng phiên bản mới nhất.",
    "zh-CHT": "你的 Scout-App 已經是最新版本"
  },
  "LISTING_OF_PROJECTS": {
    "da": "Lister alle projekter",
    "en": "Listing of projects",
    "es": "Listado de proyectos",
    "fr": "Liste des projets",
    "hu": "Projektek listája",
    "it": "Lista dei progetti",
    "nl": "Project Lijst",
    "rk": "A whole mess of projects",
    "ru": "Перечисление проектов",
    "vi": "Liệt kê các dự án",
    "zh-CHT": "專案列表"
  },
  "MESSAGES_DESKTOP": {
    "da": "Skrivebordsunderretninger",
    "en": "Desktop Notification",
    "es": "Notificación de Escritorio",
    "fr": "Notification de Bureau",
    "hu": "Asztali értesítések",
    "it": "Notifiche desktop.",
    "nl": "Bureaublad Meldingen",
    "rk": "Pop up thingers",
    "ru": "Обои для рабочего уведомления",
    "vi": "Thông báo trên màn hình",
    "zh-CHT": "桌面通知"
  },
  "MESSAGES_IN_APP": {
    "da": "I App",
    "en": "In App",
    "es": "En App",
    "fr": "Dans l'application",
    "hu": "Az alkalmazásban",
    "it": "Nell'App",
    "nl": "In App",
    "rk": "In App",
    "ru": "В приложении",
    "vi": "Trong ứng dụng",
    "zh-CHT": "程式內通知"
  },
  "MESSAGES_SOUND": {
    "da": "Afspil lyd",
    "en": "Play Sound",
    "es": "Reproducir Sonido",
    "fr": "Jouer un son",
    "hu": "Hangjelzés",
    "it": "Notifica con suono",
    "nl": "Geluid afspelen",
    "rk": "Air horn",
    "ru": "воспроизведение аудио",
    "vi": "Phát âm thanh",
    "zh-CHT": "撥放音效"
  },
  "MESSAGES_TITLE_ERROR": {
    "da": "Fejlmeddelelser",
    "en": "Error Messages",
    "es": "Mensajes de Error",
    "fr": "Messages d'erreur",
    "hu": "Hibaüzenetek",
    "it": "Messaggi d'errore",
    "nl": "Foutmeldingen",
    "rk": "Fubar'd that one",
    "ru": "Сообщения об ошибках",
    "vi": "Báo lỗi",
    "zh-CHT": "錯誤訊息"
  },
  "MESSAGES_TITLE_SUCCESS": {
    "da": "Succes Beskeder",
    "en": "Success Messages",
    "es": "Mensajes de Éxito",
    "fr": "Messages de succès",
    "hu": "Teljesítési üzenetek",
    "it": "Messaggi di conferma",
    "nl": "Succes Berichten",
    "rk": "Blue Ribbon",
    "ru": "Сообщения успеха",
    "vi": "Báo thành công",
    "zh-CHT": "成功訊息"
  },
  "MILLISECONDS_SHORT": {
    "da": "ms",
    "en": "ms",
    "es": "ms",
    "fr": "ms",
    "hu": "ms",
    "it": "ms",
    "nl": "ms",
    "rk": "ms",
    "ru": "ms",
    "vi": "mili giây",
    "zh-CHT": "毫秒"
  },
  "MISSING_DATA": {
    "da": "Mangler input eller output mappe.",
    "en": "Missing input or output folder.",
    "es": "Ausencia de carpeta de entrada o salida",
    "fr": "Entrée ou le dossier de sortie manquant.",
    "hu": "Hiányzó bemeneti, vagy kimeneti mappa.",
    "it": "Cartella di origine o di destinazione mancante",
    "nl": "Je mist een invoermap of een uitvoermap",
    "rk": "There ain't no damn input or output folder!",
    "ru": "папка вход или выход отсутствует",
    "vi": "Thiếu thư mục đầu vào hoặc đầu ra.",
    "zh-CHT": "找不到輸入或輸出資料夾"
  },
  "MULTI_IMPORT_BUTTON": {
    "da": "Importer {{0}} Projekter",
    "en": "Import {{0}} Projects",
    "es": "Importar {{0}} Proyectos",
    "fr": "Importer {{0}} Projets",
    "hu": "{{0}} projekt importálása",
    "it": "Importa {{0}} progetti",
    "nl": "Importeer {{0}} Projecten",
    "rk": "{{0}} Projects, let's roll",
    "ru": "Импорт {{0}} проектов",
    "vi": "Nhập {{0}} dự án",
    "zh-CHT": "匯入 {{0}} 個專案"
  },
  "MULTIPROJECT_IMPORT": {
    "da": "Importer Flere Projekter",
    "en": "Multi-Project Import",
    "es": "Importación de Múltiples Proyectos",
    "fr": "Importation de Projets Multiples",
    "hu": "Több projekt importálása",
    "it": "Importa Progetto Multipla",
    "nl": "Importeer meerdere projecten",
    "rk": "Pull in a buncha projects",
    "ru": "Импорт нескольких проектов",
    "vi": "Nhập dự án hàng loạt",
    "zh-CHT": "匯入多個專案"
  },
  "NEW_PROJECT": {
    "da": "Nyt projekt",
    "en": "New Project",
    "es": "Nuevo Proyecto",
    "fr": "Nouveau Projet",
    "hu": "Új projekt",
    "it": "Nuovo processo",
    "nl": "Nieuw Project",
    "rk": "Start a whole new project",
    "ru": "новый проект",
    "vi": "Dự án mới",
    "zh-CHT": "新增專案"
  },
  "NO_SASS_FILES": {
    "da": "Dette projekt input mappe indeholder ingen Sass filer, der kan behandles.",
    "en": "This project's input folder contains no Sass files that can be processed.",
    "es": "La carpeta de entrada de este proyecto no contiene archivos Sass que se pueden procesar.",
    "fr": "Le dossier d'entrée de ce projet ne contient aucun fichier Sass pouvant être traité.",
    "hu": "A projekt bemeneti mappájában nem találhatók sass fájlok.",
    "it": "Cartella di input di questo progetto non contiene file Sass che possono essere elaborati.",
    "nl": "Folder van dit project ingang bevat geen Sass bestanden die kunnen worden verwerkt.",
    "rk": "Ya done goofed. You ain't got no files in your input folder.",
    "ru": "Папка ввода данного проекта не содержит файлов Sass, которые могут быть обработаны.",
    "vi": "Thư mục đầu vào của dự án này không chứa tệp Sass mà có thể xử lý được.",
    "zh-CHT": "專案中的輸入資料夾找不到任何 Sass 檔案"
  },
  "NOTIFICATIONS_CHOICE": {
    "da": "Underretninger",
    "en": "Notifications",
    "es": "Notificaciones",
    "fr": "Notifications",
    "hu": "Értesítések",
    "it": "Notifiche",
    "nl": "Meldingen",
    "rk": "Squawkin' and carryin' on",
    "ru": "Уведомления",
    "vi": "Thông báo",
    "zh-CHT": "通知"
  },
  "OUTPUT_COMPACT": {
    "da": "Kompakt",
    "en": "Compact",
    "es": "Compacto",
    "fr": "Compact",
    "hu": "Kompakt",
    "it": "Compatto",
    "nl": "Compact",
    "rk": "Make It Small",
    "ru": "компактный",
    "vi": "Gọn gàng",
    "zh-CHT": "簡潔"
  },
  "OUTPUT_COMPRESSED": {
    "da": "Komprimeret",
    "en": "Compressed",
    "es": "Comprimido",
    "fr": "Compressé",
    "hu": "Tömörített",
    "it": "Compresso",
    "nl": "Gecomprimeerd",
    "rk": "Compress it too",
    "ru": "Сжатый",
    "vi": "Nén",
    "zh-CHT": "壓縮"
  },
  "OUTPUT_EXPANDED": {
    "da": "Expanded",
    "en": "Expanded",
    "es": "Expandido",
    "fr": "Étendu",
    "hu": "Kiterjesztett",
    "it": "Espanso",
    "nl": "Uitgebreid",
    "rk": "Make it bigger",
    "ru": "расширенный",
    "vi": "Mở rộng",
    "zh-CHT": "擴展"
  },
  "OUTPUT_FOLDER": {
    "da": "Output mappe:",
    "en": "Output Folder:",
    "es": "Carpeta de Salida:",
    "fr": "Dossier de Sortie:",
    "hu": "Kimeneti mappa:",
    "it": "Cartella di destinazione:",
    "nl": "Uitvoermap",
    "rk": "Output Folder:",
    "ru": "папка вывода",
    "vi": "Đầu ra (CSS):",
    "zh-CHT": "輸出資料夾:"
  },
  "OUTPUT_NESTED": {
    "da": "Nested",
    "en": "Nested",
    "es": "Anidado",
    "fr": "Imbriqué",
    "hu": "Beágyazott",
    "it": "Annidato",
    "nl": "Genesteld",
    "rk": "Nested",
    "ru": "вложенные",
    "vi": "Lồng nhau",
    "zh-CHT": "嵌套"
  },
  "OUTPUT_STYLE": {
    "da": "Output stil",
    "en": "Output Style",
    "es": "Estilo de Salida",
    "fr": "Style de Sortie",
    "hu": "A kimeneti CSS fájl stílusa",
    "it": "Stile del codice prodotto",
    "nl": "Uitvoer Stijl",
    "rk": "Output Style",
    "ru": "стиль вывода",
    "vi": "Kiểu đầu ra",
    "zh-CHT": "輸出類型"
  },
  "OUTPUT_WARNING": {
    "da": "Output kan ikke være samme eller undermappe til input.",
    "en": "Output can't match or be a subfolder of input.",
    "es": "La salida no puede coincidir o ser una subcarpeta de entrada.",
    "fr": "La sortie peut ne pas correspondre ou être un sous-dossier de l'entrée.",
    "hu": "A kimeneti hely nem megfelelő, vagy a bemenet egy almappája.",
    "it": "La cartella di destinazione e di origine devono essere cartelle separate, non possono essere nè la stessa, nè essere sottocartelle.",
    "nl": "Uitvoer kan niet/hetzelfde zijn als de submap of invoer",
    "rk": "Output can't match or be a subfolder of input.",
    "ru": "Выход не может совпадать или быть вложенной B ввода.",
    "vi": "Đầu vào không hợp lệ hoặc là thư mục con của đầu ra.",
    "zh-CHT": "輸出不能和輸入使用同一資料夾或是其子資料夾"
  },
  "PREFERENCES": {
    "da": "Indstillinger",
    "en": "Preferences",
    "es": "Preferencias",
    "fr": "Préférences",
    "hu": "Beállítások",
    "it": "Preferenze",
    "nl": "Instellingen",
    "rk": "Preferences",
    "ru": "предпочтения",
    "vi": "Tùy chọn",
    "zh-CHT": "偏好設定"
  },
  "PROCESSED_IN_DURATION": {
    "da": "Behandlet på {{duration}}",
    "en": "Processed in {{duration}}",
    "es": "Procesado en {{duration}}",
    "fr": "Transformé en {{duration}}",
    "hu": "{{duration}} alatt feldolgozva",
    "it": "Processato in {{duration}}",
    "nl": "Verwerkt in {{duration}}",
    "rk": "Processed in {{duration}}",
    "ru": "Переработанные в {{duration}}",
    "vi": "Xử lý trong {{duration}}",
    "zh-CHT": "處理時間: {{duration}}"
  },
  "PRODUCTION": {
    "da": "Produktion",
    "en": "Production",
    "es": "Producción",
    "fr": "Production",
    "hu": "Produkciós",
    "it": "Produzione",
    "nl": "Productie",
    "rk": "Production",
    "ru": "производство",
    "vi": "Thực tế",
    "zh-CHT": "上線"
  },
  "PROJECT_CONTROLS": {
    "da": "Projekt knapper",
    "en": "Project Controls",
    "es": "Controles del Proyecto",
    "fr": "Contrôle de Projets",
    "hu": "Projekt vezérlők",
    "it": "Controlli del progetto",
    "nl": "Project controles",
    "rk": "Project Controls",
    "ru": "Регуляторы проекта",
    "vi": "Project Controls",
    "zh-CHT": "專案控制"
  },
  "PROJECT_ICON": {
    "da": "Projekt ikon",
    "en": "Project Icon",
    "es": "Icono del Proyecto",
    "fr": "Icône du Projet",
    "hu": "Projekt ikon",
    "it": "Icona del progetto",
    "nl": "Project Icoon",
    "rk": "Project Icon",
    "ru": "Иконка для проекта",
    "vi": "Project Icon",
    "zh-CHT": "專案圖示"
  },
  "SCOUTAPP_LOGO": {
    "da": "Scout-App logo",
    "en": "Scout-App Logo",
    "es": "Logo de Scout-App",
    "fr": "Scout-App Logo",
    "hu": "Scout-App logó",
    "it": "Logo di Scout-App",
    "nl": "Scout-App Logo",
    "rk": "Scout-App Logo",
    "ru": "Cкаут-Aпп логотип",
    "vi": "Scout-App Logo",
    "zh-CHT": "Scout-App Logo"
  },
  "SECONDS": {
    "da": "sekunder",
    "en": "seconds",
    "es": "segundos",
    "fr": "secondes",
    "hu": "másodperc",
    "it": "secondi",
    "nl": "Seconden",
    "rk": "seconds",
    "ru": "секунд",
    "vi": "giây",
    "zh-CHT": "秒"
  },
  "SELECT_DESELECT_ALL": {
    "da": "Vælg/Fravælg alle",
    "en": "Select/Deselect All",
    "es": "Seleccionar/Deseleccionar todo",
    "fr": "Sélectionner/Désélectionner tout",
    "hu": "Mind kijelölése / Kijelölések törlése",
    "it": "Selezionare/deselezionare tutti",
    "nl": "Selecteer/Deselecteer alles",
    "rk": "Check or uncheck everything",
    "ru": "Выбрать/Отменить все",
    "vi": "Chọn/Bỏ chọn tất cả",
    "zh-CHT": "全選/全不選"
  },
  "SELECT_GROUP_FOLDER": {
    "da": "vælge gruppen mappe",
    "en": "select the group folder",
    "es": "seleccione la carpeta del grupo",
    "fr": "sélectionnez le groupe de projets",
    "hu": "csoportot mappa kiválasztása",
    "it": "selezionare la cartella di gruppo",
    "nl": "selecteert u de map groep",
    "rk": "pick out your group folder",
    "ru": "выберите папку группы",
    "vi": "chọn nhiều thư mục",
    "zh-CHT": "選擇專案群組資料夾"
  },
  "SELECT_PROJECT_FOLDER": {
    "da": "vælg et projekt mappe",
    "en": "select a project folder",
    "es": "seleccione una carpeta de proyecto",
    "fr": "sélectionnez un dossier comme projet",
    "hu": "projekt mappa kiválasztása",
    "it": "selezionare una cartella di progetto",
    "nl": "selecteert u een map project",
    "rk": "where's your project?",
    "ru": "выберите папку проекта",
    "vi": "chọn một thư mục",
    "zh-CHT": "選擇專案資料夾"
  },
  "SERVER_DOWN": {
    "da": "Opdateringsserver ikke tilgængelig. Prøv igen senere.",
    "en": "Unable to reach update server. Try again later.",
    "es": "No se ha podido conectar con el servidor de actualización. Inténtelo de nuevo más tarde.",
    "fr": "Impossible d'accéder au serveur de mise à jour. Réessayez plus tard.",
    "hu": "Nem sikerült elérni a frissítési szervert! Próbálja meg később.",
    "it": "Imossibile raggiungere il server degli aggiornamenti, riprova più tardi.",
    "nl": "Niet in staat om de update server te berijken. Probeer het later nogmaals.",
    "rk": "Server's dead. Try again some other time.",
    "ru": "Невозможно получить доступ к серверу обновлений. Повторите попытку позже.",
    "vi": "Không thể kết nối đến máy chủ. Hãy thử lại sau.",
    "zh-CHT": "無法連結更新伺服器. 稍候再試"
  },
  "SHOW": {
    "da": "At vise",
    "en": "Show",
    "es": "Espectáculo",
    "fr": "Montrer",
    "hu": "Előadás",
    "it": "Mostrare",
    "nl": "Tonen",
    "rk": "C'mon out now",
    "ru": "Показать",
    "vi": "Chỉ",
    "zh-CHT": "显示"
  },
  "STATUS": {
    "da": "Status",
    "en": "Status",
    "es": "Estado",
    "fr": "Statut",
    "hu": "Státusz",
    "it": "Stato",
    "nl": "Staat",
    "rk": "What's going on now?",
    "ru": "статус",
    "vi": "Trạng thái",
    "zh-CHT": "狀態"
  },
  "STATUS_OF_ALL_PROJECTS": {
    "da": "Status på alle projekter",
    "en": "Status of all Projects",
    "es": "Estado de todos los Proyectos",
    "fr": "Statut de tous les projets",
    "hu": "Projektek állapotai",
    "it": "Stato dei progetti",
    "nl": "Staat van alle projecten",
    "rk": "How's everything going right now?",
    "ru": "статус всех проектов",
    "vi": "Trạng thái của tất cả dự án",
    "zh-CHT": "專案狀態"
  },
  "STYLESHEET_CHOICE": {
    "da": "Tema:",
    "en": "Theme:",
    "es": "Tema:",
    "fr": "Style Visuel:",
    "hu": "Téma:",
    "it": "Tema:",
    "nl": "Thema/Stijl",
    "rk": "Theme:",
    "ru": "визуальная тема",
    "vi": "Giao diện:",
    "zh-CHT": "佈景主題:"
  },
  "STYLESHEET_DIRECTORIES": {
    "da": "Stylesheet mapper",
    "en": "Stylesheet Directories",
    "es": "Directorios de Hojas de Estilo",
    "fr": "Répertoires des Feuilles de Style",
    "hu": "Stíluslap könyvtárak",
    "it": "Cartelle degli stili",
    "nl": "Thema Directories",
    "rk": "Stylesheet Directories",
    "ru": "Каталог стилей",
    "vi": "Thư mục Stylesheet",
    "zh-CHT": "樣式表位置"
  },
  "TOGGLE_NAVIGATION": {
    "da": "Omskift navigation",
    "en": "Toggle navigation",
    "es": "Cambiar modo de navegación",
    "fr": "Basculer la Navigation",
    "hu": "Lenyíló navigáció",
    "it": "Cambia navigazione",
    "nl": "Toggle navigatie",
    "rk": "Show/Hide Navigation",
    "ru": "переключить навигацию",
    "vi": "Toggle navigation",
    "zh-CHT": "顯示/隱藏導覽列"
  },
  "TRANSLATED_BY": {
    "da": "Oversat af:",
    "en": "Translated by:",
    "es": "Traducido por:",
    "fr": "Traduit par:",
    "hu": "Fordította:",
    "it": "Tradotto da:",
    "nl": "Vertaald door:",
    "rk": "Translated by:",
    "ru": "Переведено:",
    "vi": "Được dịch bởi:",
    "zh-CHT": "翻譯:"
  },
  "TRANSLATOR": {
    "da": "Johan Holst Nielsen",
    "en": "The Jared Wilcurt",
    "es": "Ireneml.fr",
    "fr": "Stephan Raab, Arthur",
    "hu": "Somfai Tibor ( w3suli.com )",
    "it": "Luca Paco Palomba",
    "nl": "Stephan Raab",
    "rk": "The Chris Lusk",
    "ru": "Daniel Golant",
    "vi": "Zzbaivong",
    "zh-CHT": "Hsin Cheng Lin (Luke)"
  },
  "TRANSLATOR_MEME": {
    "da": "Hank Hill, fra King of the Hill siger 'I process Sass, and Sass Mixins'.",
    "en": "Hank Hill, from King of the Hill saying \"I process Sass, and Sass Mixins\".",
    "es": "DEMASIADO CSS PUEDE SER LA PEOR DE LAS LOCURAS. VER CSS COMO ES Y NO COMO DEBERÍA SER.",
    "fr": "Daft Punk, avec leur chanson 'Harder, Better, Faster, SASSer'.",
    "hu": "Somfai Tibor - Web development is the best game. (A webfejlesztés a legjobb játék.)",
    "it": "Tower of Pisa: .italy{ .pisa{ .tower{ font-style:italic } } }",
    "nl": "Denk je dat mijn Sass bestand te groot is? ...dat is letterlijk een walvis",
    "rk": "Don't Tread On Me flag.",
    "ru": "Винни-Пух, с текстом 'А почему Сасс существует в этом мире? Для меня, чтобы использовать, по моему так'",
    "vi": "Sass, đâu đâu cũng Sass",
    "zh-CHT": "CSS 鄙視鏈: Sass, LESS > SMACSS, OOCSS > External, Internal CSS >>> inline CSS"
  },
  "TRANSLATOR_URL": {
    "da": "http://phpgeek.dk",
    "en": "https://github.com/TheJaredWilcurt",
    "es": "http://ireneml.fr",
    "fr": "https://github.com/StephanRaab, http://github.com/AnotherJavaCoder",
    "hu": "http://w3suli.com/",
    "it": "https://github.com/lucapalomba",
    "nl": "https://github.com/StephanRaab",
    "rk": "http://www.56whiskeyclub.com",
    "ru": "https://github.com/BlackBetty",
    "vi": "https://baivong.github.io/",
    "zh-CHT": "https://hsinchenglin.com"
  },
  "UPDATE_FOUND": {
    "da": "Opdatering fundet.",
    "en": "Update found!",
    "es": "Actualización encontrada!",
    "fr": "Mise à jour trouvée!",
    "hu": "Frissítés elérhető!",
    "it": "Nuovo aggiornamento!",
    "nl": "Update Gevonden!",
    "rk": "I found an update!",
    "ru": "Обновление найдено!",
    "vi": "Đã tìm thấy bản cập nhật!",
    "zh-CHT": "有新版本!"
  },
  "VERSION": {
    "da": "Version",
    "en": "Version",
    "es": "Versión",
    "fr": "Version",
    "hu": "Verzió",
    "it": "Versione",
    "nl": "Versie",
    "rk": "Model",
    "ru": "Версия",
    "vi": "Phiên bản",
    "zh-CHT": "版本"
  },
  "VIEW": {
    "da": "Vis",
    "en": "View",
    "es": "Ver",
    "fr": "Vue",
    "hu": "Nézet",
    "it": "Visalizzazione",
    "nl": "Weergave",
    "rk": "Look At It",
    "ru": "Посмотреть",
    "vi": "Hiển thị",
    "zh-CHT": "檢視"
  },
  "VIEW_LATEST_RELEASE": {
    "da": "Vis seneste udgivelsesmeddelelse",
    "en": "View latest release",
    "es": "Ver últimas modificaciones",
    "fr": "Voir la dernière version",
    "hu": "Előző kiadások",
    "it": "Visualizza l'ultimo rilascio",
    "nl": "Bekijk Nieuwste Release",
    "rk": "See lates model",
    "ru": "Посмотреть последний выпуск",
    "vi": "Xem phiên bản mới nhất",
    "zh-CHT": "檢視最新版本"
  },
  "WELCOME_MESSAGE": {
    "da": "Velkommen til Scout-App!",
    "en": "Welcome to Scout-App!",
    "es": "Bienvenido a Scout-App!",
    "fr": "Bienvenue dans Scout-App!",
    "hu": "Üdvözlet ez a Scout-App!",
    "it": "Benvenuto su Scout-App",
    "nl": "Welkom tot de Scout-App!",
    "rk": "Well howdy buddy! Welcome to Scout-App!",
    "ru": "Добро пожаловать в Cкаут-Aпп!",
    "vi": "Chào mừng bạn đến Scout-App!",
    "zh-CHT": "歡迎使用 Scout-App!"
  }
}
